{
    "topology": [
        2,
        16,
        16,
        16,
        3
    ],
    "weight_matrices": [
        [
            -0.3070971335206528,
            -0.12563476970996496,
            -0.3719858467377448,
            0.05722904576740617,
            0.0791420801912025,
            0.05894695025272523,
            -0.4098172259663442,
            -0.4041445315922854,
            -0.44594001388156385,
            0.24963364590833537,
            0.0004362293722067756,
            0.43562860688159244,
            -0.3851242154853778,
            0.3174593886906184,
            0.3051875610121685,
            -0.36935068557915507,
            -0.14642137555748302,
            0.1688728318861068,
            -0.3652834163259551,
            0.4014172272879799,
            0.14987871689761323,
            -0.21038086550881635,
            0.11019120191868503,
            0.3613334050762568,
            0.25075808883616957,
            -0.10473955507162652,
            -0.41422638168008397,
            -0.09135667413400422,
            -0.19290595904214386,
            0.1610308707526399,
            -0.0754101874036191,
            0.35930495060677814
        ],
        [
            -0.41959847312631016,
            -0.40872416205059997,
            0.43371360825329297,
            -0.430583414901192,
            0.13756608647973567,
            -0.16244862795467485,
            0.4678964802898957,
            -0.1387930029987149,
            0.031160755896140646,
            -0.2632601778626914,
            0.42051535216329317,
            -0.4795768896033744,
            0.3957686641255297,
            0.21706102388408566,
            -0.1367343339103278,
            0.30662378618271935,
            0.37694695973031644,
            0.2612558032442147,
            0.36618540048258064,
            0.017035307043959613,
            0.2184221574837779,
            -0.14905598039284434,
            0.19108582699036925,
            -0.2869427538973922,
            -0.2886752258262782,
            -0.21704841174558476,
            -0.30947410963249766,
            0.3972046901621771,
            -0.3654226554684953,
            0.38708629393363325,
            -0.33295106985690115,
            -0.08361645051041317,
            0.05063535130736885,
            -0.1881726613326038,
            -0.47407715710891385,
            -0.3721582622509785,
            -0.04022137670775189,
            -0.2841081118103296,
            -0.03920991619803427,
            -0.1681649459510774,
            -0.005588806439112803,
            -0.10476716496587912,
            0.3911683811001285,
            0.38353846372992895,
            0.2253843874595265,
            -0.13299751962623513,
            -0.23360544473476763,
            -0.0838208700174532,
            0.12912349520711164,
            0.34654728862665285,
            -0.01105679203620391,
            -0.10018195846727429,
            0.2851013988924591,
            0.19247666687034692,
            0.021885156947442974,
            -0.500710999040662,
            -0.3554250686691374,
            0.3244760080593686,
            0.2269908469413815,
            0.4243588639559692,
            -0.49521599491994484,
            0.4008120407575384,
            0.1734286047062894,
            -0.26492664168252855,
            -0.3889846624849477,
            -0.07386383371132538,
            -0.22477852000838766,
            -0.0761554764204348,
            -0.2226409000944794,
            0.03061249249910003,
            -0.4439203035193784,
            -0.09209372483390715,
            -0.3406569918952833,
            -0.34448984200140437,
            -0.2949248575652753,
            -0.28577388342592513,
            0.11574150854269094,
            -0.11831439325206095,
            -0.04163590324838162,
            -0.3274845978654453,
            0.160128165612749,
            -0.18280149663222972,
            0.4374620623170149,
            0.17223971327999998,
            0.20083531424006051,
            -0.3604670913386784,
            0.026977116593923323,
            -0.1530719220923048,
            -0.2762852096332995,
            0.10186828102982959,
            -0.3878792158502333,
            -0.4075372940012278,
            -0.4345102170747574,
            -0.08985622439611801,
            0.35585408925223483,
            -0.029167337878361843,
            -0.13447607046179344,
            -0.18616739671434795,
            0.06816153672874703,
            0.3643589510242542,
            0.4227173806965736,
            0.26404105970561886,
            -0.03235763172274542,
            0.024536649618014494,
            -0.20098644884430666,
            -0.11695569453701599,
            0.24176094204938947,
            0.4581410111824493,
            -0.23752430538494768,
            -0.46736610809933754,
            0.05211061392960714,
            -0.30292261665125847,
            -0.46072279629643387,
            0.3931214846109252,
            -0.10446331938217107,
            0.3884802504037689,
            0.13431777723750893,
            -0.015636372799216314,
            0.4677291231577724,
            -0.1795389634958015,
            -0.06683330808802251,
            -0.35233777868794264,
            0.10809209704281109,
            -0.1592564763757997,
            -0.08995720487555087,
            0.4974697126310277,
            -0.39861888981700544,
            0.4255929659507791,
            0.3145547401059745,
            -0.03425195487501076,
            -0.44374833296802896,
            -0.11610987844180581,
            -0.27711437959538715,
            -0.44037928686616457,
            -0.2561207380730827,
            0.01643593288520917,
            -0.2708268805916479,
            0.4760966587049802,
            0.11278297579051377,
            -0.3356538207240753,
            0.09232314247796025,
            0.2613982443070908,
            -0.19825723564805448,
            0.2574871289362083,
            -0.20608494202868344,
            0.4755154481611512,
            -0.3019857455954523,
            -0.4393944206248216,
            -0.3706621633058278,
            0.3845475498972827,
            0.4491390963112759,
            -0.30333408443934384,
            0.1770263144647155,
            0.21152172670731084,
            0.06287740871076763,
            0.3485473027330569,
            -0.19011997471060404,
            -0.4001705803936365,
            -0.0415221369476414,
            0.2825789115280273,
            0.18460843509247615,
            -0.21311958499234746,
            -0.2724498260711611,
            -0.4402337120008745,
            0.40564380656033616,
            -0.41277662222188694,
            -0.17587813941341318,
            0.28610690182193166,
            -0.27259233682976003,
            -0.3102280903530002,
            0.4216443025728862,
            0.31130926101257317,
            -0.025891444812569053,
            -0.1496833709851334,
            -0.03347284666970812,
            -0.13766814856382015,
            -0.3176911820521545,
            0.355051651744256,
            -0.3191286324563968,
            0.42161173948281827,
            -0.15180072453065108,
            -0.48973382562266343,
            -0.08693503962077093,
            0.14896701901851184,
            0.10624376567512106,
            0.49798858449697514,
            0.24630259669854726,
            -0.06350273972192072,
            -0.43923699627661933,
            -0.24280354321247805,
            0.45954700349285416,
            -0.2415619361865785,
            -0.06150232986845383,
            -0.2935722376689569,
            0.23630729246800386,
            -0.05329310127872039,
            -0.4395749126184452,
            0.34178804750612557,
            0.2620581205893724,
            -0.12436556244117969,
            0.3285825795582764,
            -0.3767469541650052,
            -0.15244770065919322,
            0.19786945574836268,
